{
  "id": "3937577",
  "name": "jianshu",
  "font_family": "iconfont",
  "css_prefix_text": "icon-",
  "description": "",
  "glyphs": [
    {
      "icon_id": "1254",
      "name": "喜爱",
      "font_class": "xiai",
      "unicode": "e600",
      "unicode_decimal": 58880
    },
    {
      "icon_id": "13053964",
      "name": "评论",
      "font_class": "pinglun",
      "unicode": "e618",
      "unicode_decimal": 58904
    },
    {
      "icon_id": "28829239",
      "name": "比基尼",
      "font_class": "bijini",
      "unicode": "e6bf",
      "unicode_decimal": 59071
    },
    {
      "icon_id": "28829240",
      "name": "冲浪",
      "font_class": "chonglang",
      "unicode": "e6c0",
      "unicode_decimal": 59072
    },
    {
      "icon_id": "28829241",
      "name": "沙滩",
      "font_class": "shatan",
      "unicode": "e6c1",
      "unicode_decimal": 59073
    },
    {
      "icon_id": "28829242",
      "name": "冰淇淋",
      "font_class": "bingqilin",
      "unicode": "e6c2",
      "unicode_decimal": 59074
    },
    {
      "icon_id": "28829244",
      "name": "民宿",
      "font_class": "minsu",
      "unicode": "e6c3",
      "unicode_decimal": 59075
    },
    {
      "icon_id": "28829245",
      "name": "飞机",
      "font_class": "feiji",
      "unicode": "e6c4",
      "unicode_decimal": 59076
    },
    {
      "icon_id": "28829246",
      "name": "星宿",
      "font_class": "xingsu",
      "unicode": "e6c5",
      "unicode_decimal": 59077
    },
    {
      "icon_id": "28829247",
      "name": "日历",
      "font_class": "rili",
      "unicode": "e6c6",
      "unicode_decimal": 59078
    },
    {
      "icon_id": "28829248",
      "name": "晴天",
      "font_class": "qingtian",
      "unicode": "e6c7",
      "unicode_decimal": 59079
    },
    {
      "icon_id": "28829249",
      "name": "照片",
      "font_class": "zhaopian",
      "unicode": "e6c8",
      "unicode_decimal": 59080
    },
    {
      "icon_id": "28829250",
      "name": "行李箱",
      "font_class": "hanglixiang",
      "unicode": "e6c9",
      "unicode_decimal": 59081
    },
    {
      "icon_id": "28829251",
      "name": "购物",
      "font_class": "gouwu",
      "unicode": "e6ca",
      "unicode_decimal": 59082
    },
    {
      "icon_id": "28829252",
      "name": "相机",
      "font_class": "xiangji",
      "unicode": "e6cb",
      "unicode_decimal": 59083
    },
    {
      "icon_id": "28829253",
      "name": "指南针",
      "font_class": "zhinanzhen",
      "unicode": "e6cc",
      "unicode_decimal": 59084
    },
    {
      "icon_id": "28829254",
      "name": "游泳圈",
      "font_class": "youyongquan",
      "unicode": "e6cd",
      "unicode_decimal": 59085
    },
    {
      "icon_id": "28829255",
      "name": "泳裤",
      "font_class": "yongku",
      "unicode": "e6ce",
      "unicode_decimal": 59086
    },
    {
      "icon_id": "28829256",
      "name": "阴天",
      "font_class": "yintian",
      "unicode": "e6cf",
      "unicode_decimal": 59087
    },
    {
      "icon_id": "28829257",
      "name": "自驾游",
      "font_class": "zijiayou",
      "unicode": "e6d0",
      "unicode_decimal": 59088
    },
    {
      "icon_id": "28829258",
      "name": "自行车",
      "font_class": "zihangche",
      "unicode": "e6d1",
      "unicode_decimal": 59089
    },
    {
      "icon_id": "28829259",
      "name": "停车",
      "font_class": "tingche",
      "unicode": "e6d2",
      "unicode_decimal": 59090
    }
  ]
}
